<?xml version="1.0" encoding="UTF-8"?>
<project-private xmlns="http://www.netbeans.org/ns/project-private/1">
    <editor-bookmarks xmlns="http://www.netbeans.org/ns/editor-bookmarks/2" lastBookmarkId="0"/>
    <open-files xmlns="http://www.netbeans.org/ns/projectui-open-files/2">
        <group>
            <file>file:/C:/Users/eoin0/OneDrive%20-%20National%20College%20of%20Ireland/NCI/Semester4/Data%20Structures%20and%20Algorithims/MusicManager2/src/musicmanager/MusicManagerApp.java</file>
            <file>file:/C:/Users/eoin0/OneDrive%20-%20National%20College%20of%20Ireland/NCI/Semester4/Data%20Structures%20and%20Algorithims/MusicManager2/src/musicmanager/MusicManagerGUI.java</file>
            <file>file:/C:/Users/eoin0/OneDrive%20-%20National%20College%20of%20Ireland/NCI/Semester4/Data%20Structures%20and%20Algorithims/MusicManager2/src/musicmanager/StackInterface.java</file>
            <file>file:/C:/Users/eoin0/OneDrive%20-%20National%20College%20of%20Ireland/NCI/Semester4/Data%20Structures%20and%20Algorithims/MusicManager2/src/musicmanager/MyStack.java</file>
        </group>
    </open-files>
</project-private>
